concept,token_embedding_drift,hidden_state_drift,peak_layer,neighborhood_replacement_rate
energy,5.960464477539063e-08,0.0034331083297729492,5,0.46153846153846156
security,5.960464477539063e-08,0.004538893699645996,5,0.5714285714285714
trade,5.960464477539063e-08,0.004204154014587402,5,0.18181818181818177
industry,-1.1920928955078125e-07,0.005133271217346191,5,0.5714285714285714
technology,-1.1920928955078125e-07,0.005378246307373047,5,0.5714285714285714
investment,0.0,0.0035726428031921387,5,0.5714285714285714
growth,0.0,0.006945133209228516,5,0.5714285714285714
defense,0.0,0.003950536251068115,5,0.33333333333333337
