concept,token_embedding_drift,hidden_state_drift,peak_layer,neighborhood_replacement_rate
time,0.0,0.004671812057495117,5,0.75
space,0.0,0.004618346691131592,5,0.46153846153846156
matter,0.0,0.005353331565856934,5,0.46153846153846156
mind,-1.1920928955078125e-07,0.0036984682083129883,5,0.6666666666666667
method,0.0,0.0062958598136901855,5,0.8235294117647058
truth,0.0,0.008863985538482666,5,0.6666666666666667
force,0.0,0.0031152963638305664,4,0.6666666666666667
system,5.960464477539063e-08,0.0046700239181518555,5,0.8235294117647058
