concept,token_embedding_drift,hidden_state_drift,peak_layer,neighborhood_replacement_rate
time,0.0,0.0036359429359436035,5,0.6666666666666667
space,0.0,0.003689706325531006,5,0.33333333333333337
matter,0.0,0.004313409328460693,5,0.46153846153846156
mind,-1.1920928955078125e-07,0.003302335739135742,5,0.6666666666666667
method,0.0,0.005236923694610596,5,0.8235294117647058
truth,0.0,0.006894946098327637,5,0.46153846153846156
force,0.0,0.0023685097694396973,4,0.5714285714285714
system,5.960464477539063e-08,0.0036763548851013184,5,0.8235294117647058
